Invoice,StockCode,Description,Quantity,InvoiceDate,Price,Customer ID,Country
1001,SKU-A,BLUE TEST MUG,2,2009-12-01 09:00:00,4.50,12345,United Kingdom
1001,SKU-B,RED TEST MUG,1,2009-12-01 09:00:00,5.00,12345,United Kingdom
1002,SKU-C,ANONYMOUS TEST ITEM,1,2009-12-02 10:00:00,3.00,,United Kingdom
C9001,SKU-A,BLUE TEST MUG,-1,2009-12-03 11:00:00,4.50,12345,United Kingdom
1003,M,MANUAL ADJUSTMENT,-2,2009-12-04 12:00:00,0.00,12345,United Kingdom
1004,SKU-F,FREE TEST ITEM,1,2009-12-05 13:00:00,0.00,12345,United Kingdom
1005,POST,POSTAGE,1,2009-12-06 14:00:00,5.00,12345,United Kingdom
1006,B,SPECIAL NEGATIVE PRICE,-1,2009-12-07 15:00:00,-10.00,12345,United Kingdom
C9002,SKU-Z,UNUSUAL POSITIVE C LINE,1,2009-12-08 16:00:00,2.00,12345,United Kingdom
